{
  "minecraft:recipes/decorations/crafting_table": {
    "criteria": {
      "unlock_right_away": "2025-08-05 22:56:27 -0500"
    },
    "done": true
  },
  "minecraft:adventure/adventuring_time": {
    "criteria": {
      "minecraft:plains": "2025-08-05 22:56:28 -0500"
    },
    "done": false
  },
  "minecraft:recipes/decorations/blast_furnace": {
    "criteria": {
      "has_smooth_stone": "2025-08-12 20:32:59 -0500"
    },
    "done": true
  },
  "minecraft:recipes/building_blocks/smooth_stone_slab": {
    "criteria": {
      "has_smooth_stone": "2025-08-12 20:32:59 -0500"
    },
    "done": true
  },
  "minecraft:recipes/building_blocks/smooth_stone_slab_from_smooth_stone_stonecutting": {
    "criteria": {
      "has_smooth_stone": "2025-08-12 20:32:59 -0500"
    },
    "done": true
  },
  "minecraft:recipes/building_blocks/smooth_quartz_slab_from_smooth_quartz_stonecutting": {
    "criteria": {
      "has_smooth_quartz": "2025-08-12 20:39:49 -0500"
    },
    "done": true
  },
  "minecraft:recipes/building_blocks/smooth_quartz_slab": {
    "criteria": {
      "has_smooth_quartz": "2025-08-12 20:39:49 -0500"
    },
    "done": true
  },
  "minecraft:recipes/building_blocks/smooth_quartz_stairs_from_smooth_quartz_stonecutting": {
    "criteria": {
      "has_smooth_quartz": "2025-08-12 20:39:49 -0500"
    },
    "done": true
  },
  "minecraft:recipes/building_blocks/smooth_quartz_stairs": {
    "criteria": {
      "has_smooth_quartz": "2025-08-12 20:39:49 -0500"
    },
    "done": true
  },
  "minecraft:recipes/decorations/cyan_glazed_terracotta": {
    "criteria": {
      "has_cyan_terracotta": "2025-08-12 20:41:10 -0500"
    },
    "done": true
  },
  "DataVersion": 3955
}