{
  "minecraft:recipes/decorations/crafting_table": {
    "criteria": {
      "unlock_right_away": "2025-05-14 18:18:45 -0500"
    },
    "done": true
  },
  "minecraft:adventure/adventuring_time": {
    "criteria": {
      "minecraft:plains": "2025-05-14 18:18:49 -0500"
    },
    "done": false
  },
  "computercraft:recipes/redstone/monitor_normal": {
    "criteria": {
      "has_computer": "2025-05-23 13:56:54 -0500"
    },
    "done": true
  },
  "computercraft:recipes/redstone/printer": {
    "criteria": {
      "has_computer": "2025-05-23 13:56:54 -0500"
    },
    "done": true
  },
  "computercraft:recipes/redstone/cable": {
    "criteria": {
      "has_computer": "2025-05-23 13:56:54 -0500"
    },
    "done": true
  },
  "computercraft:recipes/redstone/wireless_modem_advanced": {
    "criteria": {
      "has_computer": "2025-05-23 13:56:54 -0500"
    },
    "done": true
  },
  "computercraft:recipes/redstone/pocket_computer_normal": {
    "criteria": {
      "has_computer": "2025-05-23 13:56:54 -0500"
    },
    "done": true
  },
  "computercraft:recipes/redstone/monitor_advanced": {
    "criteria": {
      "has_computer": "2025-05-23 13:56:54 -0500"
    },
    "done": true
  },
  "computercraft:recipes/redstone/pocket_computer_advanced": {
    "criteria": {
      "has_computer": "2025-05-23 13:56:54 -0500"
    },
    "done": true
  },
  "computercraft:recipes/redstone/disk_drive": {
    "criteria": {
      "has_computer": "2025-05-23 13:56:54 -0500"
    },
    "done": true
  },
  "computercraft:recipes/redstone/speaker": {
    "criteria": {
      "has_computer": "2025-05-23 13:56:54 -0500"
    },
    "done": true
  },
  "computercraft:recipes/redstone/wired_modem": {
    "criteria": {
      "has_computer": "2025-05-23 13:56:54 -0500"
    },
    "done": true
  },
  "computercraft:recipes/redstone/wireless_modem_normal": {
    "criteria": {
      "has_computer": "2025-05-23 13:56:54 -0500"
    },
    "done": true
  },
  "computercraft:recipes/decorations/skull_dan200": {
    "criteria": {
      "has_computer": "2025-05-23 13:56:54 -0500"
    },
    "done": true
  },
  "computercraft:recipes/redstone/turtle_advanced_overlays/rainbow_flag": {
    "criteria": {
      "has_turtle": "2025-05-23 13:57:04 -0500"
    },
    "done": true
  },
  "computercraft:recipes/redstone/turtle_advanced_overlays/trans_flag": {
    "criteria": {
      "has_turtle": "2025-05-23 13:57:04 -0500"
    },
    "done": true
  },
  "computercraft:recipes/redstone/wired_modem_full_from": {
    "criteria": {
      "has_modem": "2025-05-23 13:57:23 -0500"
    },
    "done": true
  },
  "computercraft:recipes/redstone/wired_modem_full_to": {
    "criteria": {
      "has_modem": "2025-05-23 13:57:23 -0500"
    },
    "done": true
  },
  "computercraft:recipes/redstone/redstone_relay": {
    "criteria": {
      "has_cable": "2025-05-23 13:57:32 -0500"
    },
    "done": true
  },
  "computercraft:recipes/redstone/disk_8": {
    "criteria": {
      "has_drive": "2025-05-23 13:57:36 -0500"
    },
    "done": true
  },
  "computercraft:recipes/redstone/disk_9": {
    "criteria": {
      "has_drive": "2025-05-23 13:57:36 -0500"
    },
    "done": true
  },
  "computercraft:recipes/redstone/disk_6": {
    "criteria": {
      "has_drive": "2025-05-23 13:57:36 -0500"
    },
    "done": true
  },
  "computercraft:recipes/redstone/disk_7": {
    "criteria": {
      "has_drive": "2025-05-23 13:57:36 -0500"
    },
    "done": true
  },
  "computercraft:recipes/redstone/disk_1": {
    "criteria": {
      "has_drive": "2025-05-23 13:57:36 -0500"
    },
    "done": true
  },
  "computercraft:recipes/redstone/disk_4": {
    "criteria": {
      "has_drive": "2025-05-23 13:57:36 -0500"
    },
    "done": true
  },
  "computercraft:recipes/redstone/disk_5": {
    "criteria": {
      "has_drive": "2025-05-23 13:57:36 -0500"
    },
    "done": true
  },
  "computercraft:recipes/redstone/disk_2": {
    "criteria": {
      "has_drive": "2025-05-23 13:57:36 -0500"
    },
    "done": true
  },
  "computercraft:recipes/redstone/disk_3": {
    "criteria": {
      "has_drive": "2025-05-23 13:57:36 -0500"
    },
    "done": true
  },
  "computercraft:recipes/redstone/disk_12": {
    "criteria": {
      "has_drive": "2025-05-23 13:57:36 -0500"
    },
    "done": true
  },
  "computercraft:recipes/redstone/disk_11": {
    "criteria": {
      "has_drive": "2025-05-23 13:57:36 -0500"
    },
    "done": true
  },
  "computercraft:recipes/redstone/disk_14": {
    "criteria": {
      "has_drive": "2025-05-23 13:57:36 -0500"
    },
    "done": true
  },
  "computercraft:recipes/redstone/disk_13": {
    "criteria": {
      "has_drive": "2025-05-23 13:57:36 -0500"
    },
    "done": true
  },
  "computercraft:recipes/redstone/disk_10": {
    "criteria": {
      "has_drive": "2025-05-23 13:57:36 -0500"
    },
    "done": true
  },
  "computercraft:recipes/redstone/disk_16": {
    "criteria": {
      "has_drive": "2025-05-23 13:57:36 -0500"
    },
    "done": true
  },
  "computercraft:recipes/redstone/disk_15": {
    "criteria": {
      "has_drive": "2025-05-23 13:57:36 -0500"
    },
    "done": true
  },
  "minecraft:recipes/decorations/chest": {
    "criteria": {
      "has_lots_of_items": "2025-05-23 13:58:24 -0500"
    },
    "done": true
  },
  "minecraft:recipes/decorations/campfire": {
    "criteria": {
      "has_coal": "2025-05-23 14:02:44 -0500"
    },
    "done": true
  },
  "minecraft:recipes/building_blocks/coal_block": {
    "criteria": {
      "has_coal": "2025-05-23 14:02:44 -0500"
    },
    "done": true
  },
  "minecraft:recipes/building_blocks/red_stained_glass": {
    "criteria": {
      "has_glass": "2025-05-23 23:38:29 -0500"
    },
    "done": true
  },
  "minecraft:recipes/building_blocks/light_blue_stained_glass": {
    "criteria": {
      "has_glass": "2025-05-23 23:38:29 -0500"
    },
    "done": true
  },
  "minecraft:recipes/brewing/glass_bottle": {
    "criteria": {
      "has_glass": "2025-05-23 23:38:29 -0500"
    },
    "done": true
  },
  "minecraft:recipes/building_blocks/green_stained_glass": {
    "criteria": {
      "has_glass": "2025-05-23 23:38:29 -0500"
    },
    "done": true
  },
  "minecraft:recipes/building_blocks/brown_stained_glass": {
    "criteria": {
      "has_glass": "2025-05-23 23:38:29 -0500"
    },
    "done": true
  },
  "minecraft:recipes/building_blocks/light_gray_stained_glass": {
    "criteria": {
      "has_glass": "2025-05-23 23:38:29 -0500"
    },
    "done": true
  },
  "minecraft:recipes/building_blocks/blue_stained_glass": {
    "criteria": {
      "has_glass": "2025-05-23 23:38:29 -0500"
    },
    "done": true
  },
  "minecraft:recipes/building_blocks/orange_stained_glass": {
    "criteria": {
      "has_glass": "2025-05-23 23:38:29 -0500"
    },
    "done": true
  },
  "minecraft:recipes/building_blocks/cyan_stained_glass": {
    "criteria": {
      "has_glass": "2025-05-23 23:38:29 -0500"
    },
    "done": true
  },
  "minecraft:recipes/building_blocks/pink_stained_glass": {
    "criteria": {
      "has_glass": "2025-05-23 23:38:29 -0500"
    },
    "done": true
  },
  "minecraft:recipes/building_blocks/black_stained_glass": {
    "criteria": {
      "has_glass": "2025-05-23 23:38:29 -0500"
    },
    "done": true
  },
  "minecraft:recipes/building_blocks/gray_stained_glass": {
    "criteria": {
      "has_glass": "2025-05-23 23:38:29 -0500"
    },
    "done": true
  },
  "minecraft:recipes/building_blocks/purple_stained_glass": {
    "criteria": {
      "has_glass": "2025-05-23 23:38:29 -0500"
    },
    "done": true
  },
  "minecraft:recipes/building_blocks/yellow_stained_glass": {
    "criteria": {
      "has_glass": "2025-05-23 23:38:29 -0500"
    },
    "done": true
  },
  "minecraft:recipes/building_blocks/lime_stained_glass": {
    "criteria": {
      "has_glass": "2025-05-23 23:38:29 -0500"
    },
    "done": true
  },
  "minecraft:recipes/decorations/glass_pane": {
    "criteria": {
      "has_glass": "2025-05-23 23:38:29 -0500"
    },
    "done": true
  },
  "minecraft:recipes/building_blocks/magenta_stained_glass": {
    "criteria": {
      "has_glass": "2025-05-23 23:38:29 -0500"
    },
    "done": true
  },
  "minecraft:recipes/building_blocks/white_stained_glass": {
    "criteria": {
      "has_glass": "2025-05-23 23:38:29 -0500"
    },
    "done": true
  },
  "computercraft:recipes/redstone/turtle_advanced/computercraft/wireless_modem_normal": {
    "criteria": {
      "has_items": "2025-05-28 18:25:46 -0500"
    },
    "done": true
  },
  "computercraft:recipes/redstone/turtle_advanced/minecraft/diamond_pickaxe": {
    "criteria": {
      "has_items": "2025-05-28 18:29:41 -0500"
    },
    "done": true
  },
  "minecraft:recipes/misc/diamond_from_smelting_diamond_ore": {
    "criteria": {
      "has_diamond_ore": "2025-06-04 23:27:26 -0500"
    },
    "done": true
  },
  "minecraft:recipes/misc/diamond_from_blasting_diamond_ore": {
    "criteria": {
      "has_diamond_ore": "2025-06-04 23:27:26 -0500"
    },
    "done": true
  },
  "minecraft:recipes/misc/emerald": {
    "criteria": {
      "has_emerald_block": "2025-06-04 23:35:00 -0500"
    },
    "done": true
  },
  "minecraft:recipes/misc/lapis_lazuli": {
    "criteria": {
      "has_lapis_block": "2025-06-04 23:35:05 -0500"
    },
    "done": true
  },
  "minecraft:recipes/misc/iron_ingot_from_iron_block": {
    "criteria": {
      "has_iron_block": "2025-06-04 23:35:36 -0500"
    },
    "done": true
  },
  "minecraft:recipes/decorations/anvil": {
    "criteria": {
      "has_iron_block": "2025-06-04 23:35:36 -0500"
    },
    "done": true
  },
  "minecraft:recipes/misc/gold_ingot_from_gold_block": {
    "criteria": {
      "has_gold_block": "2025-06-04 23:35:41 -0500"
    },
    "done": true
  },
  "minecraft:recipes/misc/diamond": {
    "criteria": {
      "has_diamond_block": "2025-06-04 23:35:48 -0500"
    },
    "done": true
  },
  "minecraft:recipes/misc/netherite_ingot_from_netherite_block": {
    "criteria": {
      "has_netherite_block": "2025-06-04 23:35:56 -0500"
    },
    "done": true
  },
  "computercraft:recipes/redstone/turtle_advanced/minecraft/crafting_table": {
    "criteria": {
      "has_items": "2025-06-04 23:45:51 -0500"
    },
    "done": true
  },
  "minecraft:story/root": {
    "criteria": {
      "crafting_table": "2025-06-04 23:45:51 -0500"
    },
    "done": true
  },
  "computercraft:recipes/redstone/computer_command": {
    "criteria": {
      "has_components": "2025-06-05 19:02:29 -0500"
    },
    "done": true
  },
  "minecraft:recipes/decorations/blast_furnace": {
    "criteria": {
      "has_smooth_stone": "2025-06-07 17:49:08 -0500"
    },
    "done": true
  },
  "minecraft:recipes/building_blocks/smooth_stone_slab": {
    "criteria": {
      "has_smooth_stone": "2025-06-07 17:49:08 -0500"
    },
    "done": true
  },
  "minecraft:recipes/building_blocks/smooth_stone_slab_from_smooth_stone_stonecutting": {
    "criteria": {
      "has_smooth_stone": "2025-06-07 17:49:08 -0500"
    },
    "done": true
  },
  "minecraft:recipes/decorations/cyan_glazed_terracotta": {
    "criteria": {
      "has_cyan_terracotta": "2025-06-07 17:49:27 -0500"
    },
    "done": true
  },
  "minecraft:recipes/redstone/redstone_lamp": {
    "criteria": {
      "has_glowstone": "2025-06-07 17:49:30 -0500"
    },
    "done": true
  },
  "minecraft:recipes/decorations/light_blue_stained_glass_pane": {
    "criteria": {
      "has_glass": "2025-06-07 17:53:26 -0500"
    },
    "done": true
  },
  "minecraft:recipes/decorations/armor_stand": {
    "criteria": {
      "has_stone_slab": "2025-06-07 17:53:50 -0500"
    },
    "done": true
  },
  "minecraft:recipes/redstone/spruce_button": {
    "criteria": {
      "has_planks": "2025-06-07 17:59:13 -0500"
    },
    "done": true
  },
  "minecraft:recipes/redstone/spruce_pressure_plate": {
    "criteria": {
      "has_planks": "2025-06-07 17:59:13 -0500"
    },
    "done": true
  },
  "minecraft:recipes/decorations/spruce_sign": {
    "criteria": {
      "has_planks": "2025-06-07 17:59:13 -0500"
    },
    "done": true
  },
  "minecraft:recipes/redstone/spruce_trapdoor": {
    "criteria": {
      "has_planks": "2025-06-07 17:59:13 -0500"
    },
    "done": true
  },
  "minecraft:recipes/redstone/spruce_door": {
    "criteria": {
      "has_planks": "2025-06-07 17:59:13 -0500"
    },
    "done": true
  },
  "minecraft:recipes/redstone/spruce_fence_gate": {
    "criteria": {
      "has_planks": "2025-06-07 17:59:13 -0500"
    },
    "done": true
  },
  "minecraft:recipes/misc/stick": {
    "criteria": {
      "has_planks": "2025-06-07 17:59:13 -0500"
    },
    "done": true
  },
  "minecraft:recipes/decorations/barrel": {
    "criteria": {
      "has_planks": "2025-06-07 17:59:13 -0500"
    },
    "done": true
  },
  "minecraft:recipes/decorations/spruce_fence": {
    "criteria": {
      "has_planks": "2025-06-07 17:59:13 -0500"
    },
    "done": true
  },
  "minecraft:recipes/building_blocks/spruce_stairs": {
    "criteria": {
      "has_planks": "2025-06-07 17:59:13 -0500"
    },
    "done": true
  },
  "minecraft:recipes/building_blocks/spruce_slab": {
    "criteria": {
      "has_planks": "2025-06-07 17:59:13 -0500"
    },
    "done": true
  },
  "minecraft:recipes/decorations/composter": {
    "criteria": {
      "has_wood_slab": "2025-06-07 17:59:18 -0500"
    },
    "done": true
  },
  "minecraft:recipes/decorations/glow_item_frame": {
    "criteria": {
      "has_item_frame": "2025-06-07 17:59:36 -0500"
    },
    "done": true
  },
  "minecraft:recipes/misc/yellow_dye_from_sunflower": {
    "criteria": {
      "has_sunflower": "2025-06-07 18:00:49 -0500"
    },
    "done": true
  },
  "minecraft:recipes/misc/red_dye_from_poppy": {
    "criteria": {
      "has_poppy": "2025-06-07 18:00:54 -0500"
    },
    "done": true
  },
  "computercraft:recipes/redstone/turtle_advanced": {
    "criteria": {
      "has_computer": "2025-06-07 18:01:15 -0500"
    },
    "done": true
  },
  "computercraft:recipes/redstone/turtle_normal": {
    "criteria": {
      "has_computer": "2025-06-07 18:01:15 -0500"
    },
    "done": true
  },
  "mcwlights:recipes/glowstone_slab": {
    "criteria": {
      "has_wood": "2025-06-07 20:54:15 -0500"
    },
    "done": true
  },
  "minecraft:recipes/misc/book": {
    "criteria": {
      "has_paper": "2025-06-07 21:06:01 -0500"
    },
    "done": true
  },
  "minecraft:recipes/decorations/cartography_table": {
    "criteria": {
      "has_paper": "2025-06-07 21:06:01 -0500"
    },
    "done": true
  },
  "buildinggadgets2:recipes/misc/template_manager": {
    "criteria": {
      "has_paper": "2025-06-07 21:06:01 -0500"
    },
    "done": true
  },
  "minecraft:recipes/decorations/white_banner": {
    "criteria": {
      "has_white_wool": "2025-06-07 21:13:56 -0500"
    },
    "done": true
  },
  "minecraft:recipes/decorations/painting": {
    "criteria": {
      "has_wool": "2025-06-07 21:13:56 -0500"
    },
    "done": true
  },
  "minecraft:recipes/decorations/white_bed": {
    "criteria": {
      "has_white_wool": "2025-06-07 21:13:56 -0500"
    },
    "done": true
  },
  "minecraft:recipes/decorations/white_carpet": {
    "criteria": {
      "has_white_wool": "2025-06-07 21:13:56 -0500"
    },
    "done": true
  },
  "minecraft:recipes/building_blocks/quartz_stairs": {
    "criteria": {
      "has_quartz_block": "2025-06-07 21:17:24 -0500"
    },
    "done": true
  },
  "minecraft:recipes/building_blocks/smooth_quartz": {
    "criteria": {
      "has_quartz_block": "2025-06-07 21:17:24 -0500"
    },
    "done": true
  },
  "minecraft:recipes/building_blocks/quartz_slab": {
    "criteria": {
      "has_quartz_block": "2025-06-07 21:17:24 -0500"
    },
    "done": true
  },
  "minecraft:recipes/building_blocks/chiseled_quartz_block": {
    "criteria": {
      "has_quartz_block": "2025-06-07 21:17:24 -0500"
    },
    "done": true
  },
  "minecraft:recipes/building_blocks/quartz_bricks": {
    "criteria": {
      "has_quartz_block": "2025-06-07 21:17:24 -0500"
    },
    "done": true
  },
  "minecraft:recipes/building_blocks/quartz_bricks_from_quartz_block_stonecutting": {
    "criteria": {
      "has_quartz_block": "2025-06-07 21:17:24 -0500"
    },
    "done": true
  },
  "minecraft:recipes/building_blocks/chiseled_quartz_block_from_quartz_block_stonecutting": {
    "criteria": {
      "has_quartz_block": "2025-06-07 21:17:24 -0500"
    },
    "done": true
  },
  "minecraft:recipes/building_blocks/quartz_pillar_from_quartz_block_stonecutting": {
    "criteria": {
      "has_quartz_block": "2025-06-07 21:17:24 -0500"
    },
    "done": true
  },
  "minecraft:recipes/building_blocks/quartz_slab_from_stonecutting": {
    "criteria": {
      "has_quartz_block": "2025-06-07 21:17:24 -0500"
    },
    "done": true
  },
  "minecraft:recipes/building_blocks/quartz_pillar": {
    "criteria": {
      "has_quartz_block": "2025-06-07 21:17:24 -0500"
    },
    "done": true
  },
  "minecraft:recipes/building_blocks/quartz_stairs_from_quartz_block_stonecutting": {
    "criteria": {
      "has_quartz_block": "2025-06-07 21:17:24 -0500"
    },
    "done": true
  },
  "minecraft:recipes/misc/pink_dye_from_pink_petals": {
    "criteria": {
      "has_pink_petals": "2025-06-07 21:30:02 -0500"
    },
    "done": true
  },
  "minecraft:recipes/misc/yellow_dye_from_dandelion": {
    "criteria": {
      "has_dandelion": "2025-06-07 21:30:29 -0500"
    },
    "done": true
  },
  "minecraft:recipes/misc/white_dye": {
    "criteria": {
      "has_bone_meal": "2025-06-07 21:32:24 -0500"
    },
    "done": true
  },
  "minecraft:recipes/building_blocks/bone_block": {
    "criteria": {
      "has_bone_meal": "2025-06-07 21:32:24 -0500"
    },
    "done": true
  },
  "mcwlights:recipes/torches": {
    "criteria": {
      "has_wood": "2025-06-08 20:20:38 -0500"
    },
    "done": true
  },
  "refurbished_furniture:recipes/misc/constructing/black_kitchen_sink": {
    "criteria": {
      "has_wooden_kitchen_sinks": "2025-06-08 20:25:21 -0500"
    },
    "done": true
  },
  "refurbished_furniture:recipes/misc/constructing/lime_kitchen_sink": {
    "criteria": {
      "has_wooden_kitchen_sinks": "2025-06-08 20:25:21 -0500"
    },
    "done": true
  },
  "refurbished_furniture:recipes/misc/constructing/magenta_kitchen_sink": {
    "criteria": {
      "has_wooden_kitchen_sinks": "2025-06-08 20:25:21 -0500"
    },
    "done": true
  },
  "refurbished_furniture:recipes/misc/constructing/cyan_kitchen_sink": {
    "criteria": {
      "has_wooden_kitchen_sinks": "2025-06-08 20:25:21 -0500"
    },
    "done": true
  },
  "refurbished_furniture:recipes/misc/constructing/red_kitchen_sink": {
    "criteria": {
      "has_wooden_kitchen_sinks": "2025-06-08 20:25:21 -0500"
    },
    "done": true
  },
  "refurbished_furniture:recipes/misc/constructing/white_kitchen_sink": {
    "criteria": {
      "has_wooden_kitchen_sinks": "2025-06-08 20:25:21 -0500"
    },
    "done": true
  },
  "refurbished_furniture:recipes/misc/constructing/brown_kitchen_sink": {
    "criteria": {
      "has_wooden_kitchen_sinks": "2025-06-08 20:25:21 -0500"
    },
    "done": true
  },
  "refurbished_furniture:recipes/misc/constructing/pink_kitchen_sink": {
    "criteria": {
      "has_wooden_kitchen_sinks": "2025-06-08 20:25:21 -0500"
    },
    "done": true
  },
  "refurbished_furniture:recipes/misc/constructing/gray_kitchen_sink": {
    "criteria": {
      "has_wooden_kitchen_sinks": "2025-06-08 20:25:21 -0500"
    },
    "done": true
  },
  "refurbished_furniture:recipes/misc/constructing/light_gray_kitchen_sink": {
    "criteria": {
      "has_wooden_kitchen_sinks": "2025-06-08 20:25:21 -0500"
    },
    "done": true
  },
  "refurbished_furniture:recipes/misc/constructing/green_kitchen_sink": {
    "criteria": {
      "has_wooden_kitchen_sinks": "2025-06-08 20:25:21 -0500"
    },
    "done": true
  },
  "refurbished_furniture:recipes/misc/constructing/yellow_kitchen_sink": {
    "criteria": {
      "has_wooden_kitchen_sinks": "2025-06-08 20:25:21 -0500"
    },
    "done": true
  },
  "refurbished_furniture:recipes/misc/constructing/light_blue_kitchen_sink": {
    "criteria": {
      "has_wooden_kitchen_sinks": "2025-06-08 20:25:21 -0500"
    },
    "done": true
  },
  "refurbished_furniture:recipes/misc/constructing/blue_kitchen_sink": {
    "criteria": {
      "has_wooden_kitchen_sinks": "2025-06-08 20:25:21 -0500"
    },
    "done": true
  },
  "refurbished_furniture:recipes/misc/constructing/purple_kitchen_sink": {
    "criteria": {
      "has_wooden_kitchen_sinks": "2025-06-08 20:25:21 -0500"
    },
    "done": true
  },
  "refurbished_furniture:recipes/misc/constructing/orange_kitchen_sink": {
    "criteria": {
      "has_wooden_kitchen_sinks": "2025-06-08 20:25:21 -0500"
    },
    "done": true
  },
  "minecraft:husbandry/root": {
    "criteria": {
      "consumed_item": "2025-06-08 20:31:01 -0500"
    },
    "done": true
  },
  "refurbished_furniture:recipes/misc/constructing/birch_basin": {
    "criteria": {
      "has_minecraft:quartz_block": "2025-06-08 20:33:21 -0500"
    },
    "done": true
  },
  "refurbished_furniture:recipes/misc/constructing/acacia_toilet": {
    "criteria": {
      "has_minecraft:quartz_block": "2025-06-08 20:33:21 -0500"
    },
    "done": true
  },
  "refurbished_furniture:recipes/misc/constructing/oak_toilet": {
    "criteria": {
      "has_minecraft:quartz_block": "2025-06-08 20:33:21 -0500"
    },
    "done": true
  },
  "refurbished_furniture:recipes/misc/constructing/mangrove_bath": {
    "criteria": {
      "has_minecraft:quartz_block": "2025-06-08 20:33:21 -0500"
    },
    "done": true
  },
  "refurbished_furniture:recipes/misc/constructing/oak_kitchen_sink": {
    "criteria": {
      "has_minecraft:quartz_block": "2025-06-08 20:33:21 -0500"
    },
    "done": true
  },
  "refurbished_furniture:recipes/misc/constructing/jungle_bath": {
    "criteria": {
      "has_minecraft:quartz_block": "2025-06-08 20:33:21 -0500"
    },
    "done": true
  },
  "refurbished_furniture:recipes/misc/constructing/plate": {
    "criteria": {
      "has_minecraft:quartz_block": "2025-06-08 20:33:21 -0500"
    },
    "done": true
  },
  "refurbished_furniture:recipes/misc/constructing/spruce_kitchen_sink": {
    "criteria": {
      "has_minecraft:quartz_block": "2025-06-08 20:33:21 -0500"
    },
    "done": true
  },
  "refurbished_furniture:recipes/misc/constructing/dark_oak_toilet": {
    "criteria": {
      "has_minecraft:quartz_block": "2025-06-08 20:33:21 -0500"
    },
    "done": true
  },
  "refurbished_furniture:recipes/misc/constructing/cherry_bath": {
    "criteria": {
      "has_minecraft:quartz_block": "2025-06-08 20:33:21 -0500"
    },
    "done": true
  },
  "refurbished_furniture:recipes/misc/constructing/acacia_bath": {
    "criteria": {
      "has_minecraft:quartz_block": "2025-06-08 20:33:21 -0500"
    },
    "done": true
  },
  "refurbished_furniture:recipes/misc/constructing/warped_kitchen_sink": {
    "criteria": {
      "has_minecraft:quartz_block": "2025-06-08 20:33:21 -0500"
    },
    "done": true
  },
  "refurbished_furniture:recipes/misc/constructing/dark_oak_basin": {
    "criteria": {
      "has_minecraft:quartz_block": "2025-06-08 20:33:21 -0500"
    },
    "done": true
  },
  "refurbished_furniture:recipes/misc/constructing/crimson_toilet": {
    "criteria": {
      "has_minecraft:quartz_block": "2025-06-08 20:33:21 -0500"
    },
    "done": true
  },
  "refurbished_furniture:recipes/misc/constructing/cherry_basin": {
    "criteria": {
      "has_minecraft:quartz_block": "2025-06-08 20:33:21 -0500"
    },
    "done": true
  },
  "refurbished_furniture:recipes/misc/constructing/birch_kitchen_sink": {
    "criteria": {
      "has_minecraft:quartz_block": "2025-06-08 20:33:21 -0500"
    },
    "done": true
  },
  "refurbished_furniture:recipes/misc/constructing/oak_bath": {
    "criteria": {
      "has_minecraft:quartz_block": "2025-06-08 20:33:21 -0500"
    },
    "done": true
  },
  "refurbished_furniture:recipes/misc/constructing/mangrove_basin": {
    "criteria": {
      "has_minecraft:quartz_block": "2025-06-08 20:33:21 -0500"
    },
    "done": true
  },
  "refurbished_furniture:recipes/misc/constructing/birch_bath": {
    "criteria": {
      "has_minecraft:quartz_block": "2025-06-08 20:33:21 -0500"
    },
    "done": true
  },
  "refurbished_furniture:recipes/misc/constructing/spruce_bath": {
    "criteria": {
      "has_minecraft:quartz_block": "2025-06-08 20:33:21 -0500"
    },
    "done": true
  },
  "refurbished_furniture:recipes/misc/constructing/dark_oak_kitchen_sink": {
    "criteria": {
      "has_minecraft:quartz_block": "2025-06-08 20:33:21 -0500"
    },
    "done": true
  },
  "refurbished_furniture:recipes/misc/constructing/oak_basin": {
    "criteria": {
      "has_minecraft:quartz_block": "2025-06-08 20:33:21 -0500"
    },
    "done": true
  },
  "refurbished_furniture:recipes/misc/constructing/dark_oak_bath": {
    "criteria": {
      "has_minecraft:quartz_block": "2025-06-08 20:33:21 -0500"
    },
    "done": true
  },
  "refurbished_furniture:recipes/misc/constructing/birch_toilet": {
    "criteria": {
      "has_minecraft:quartz_block": "2025-06-08 20:33:21 -0500"
    },
    "done": true
  },
  "refurbished_furniture:recipes/misc/constructing/crimson_basin": {
    "criteria": {
      "has_minecraft:quartz_block": "2025-06-08 20:33:21 -0500"
    },
    "done": true
  },
  "refurbished_furniture:recipes/misc/constructing/crimson_bath": {
    "criteria": {
      "has_minecraft:quartz_block": "2025-06-08 20:33:21 -0500"
    },
    "done": true
  },
  "refurbished_furniture:recipes/misc/constructing/mangrove_kitchen_sink": {
    "criteria": {
      "has_minecraft:quartz_block": "2025-06-08 20:33:21 -0500"
    },
    "done": true
  },
  "refurbished_furniture:recipes/misc/constructing/warped_basin": {
    "criteria": {
      "has_minecraft:quartz_block": "2025-06-08 20:33:21 -0500"
    },
    "done": true
  },
  "refurbished_furniture:recipes/misc/constructing/mangrove_toilet": {
    "criteria": {
      "has_minecraft:quartz_block": "2025-06-08 20:33:21 -0500"
    },
    "done": true
  },
  "refurbished_furniture:recipes/misc/constructing/spruce_toilet": {
    "criteria": {
      "has_minecraft:quartz_block": "2025-06-08 20:33:21 -0500"
    },
    "done": true
  },
  "refurbished_furniture:recipes/misc/constructing/crimson_kitchen_sink": {
    "criteria": {
      "has_minecraft:quartz_block": "2025-06-08 20:33:21 -0500"
    },
    "done": true
  },
  "refurbished_furniture:recipes/misc/constructing/warped_bath": {
    "criteria": {
      "has_minecraft:quartz_block": "2025-06-08 20:33:21 -0500"
    },
    "done": true
  },
  "refurbished_furniture:recipes/misc/constructing/acacia_basin": {
    "criteria": {
      "has_minecraft:quartz_block": "2025-06-08 20:33:21 -0500"
    },
    "done": true
  },
  "refurbished_furniture:recipes/misc/constructing/spruce_basin": {
    "criteria": {
      "has_minecraft:quartz_block": "2025-06-08 20:33:21 -0500"
    },
    "done": true
  },
  "refurbished_furniture:recipes/misc/constructing/jungle_basin": {
    "criteria": {
      "has_minecraft:quartz_block": "2025-06-08 20:33:21 -0500"
    },
    "done": true
  },
  "refurbished_furniture:recipes/misc/constructing/acacia_kitchen_sink": {
    "criteria": {
      "has_minecraft:quartz_block": "2025-06-08 20:33:21 -0500"
    },
    "done": true
  },
  "refurbished_furniture:recipes/misc/constructing/cherry_toilet": {
    "criteria": {
      "has_minecraft:quartz_block": "2025-06-08 20:33:21 -0500"
    },
    "done": true
  },
  "refurbished_furniture:recipes/misc/constructing/cherry_kitchen_sink": {
    "criteria": {
      "has_minecraft:quartz_block": "2025-06-08 20:33:21 -0500"
    },
    "done": true
  },
  "refurbished_furniture:recipes/misc/constructing/jungle_kitchen_sink": {
    "criteria": {
      "has_minecraft:quartz_block": "2025-06-08 20:33:21 -0500"
    },
    "done": true
  },
  "refurbished_furniture:recipes/misc/constructing/jungle_toilet": {
    "criteria": {
      "has_minecraft:quartz_block": "2025-06-08 20:33:21 -0500"
    },
    "done": true
  },
  "refurbished_furniture:recipes/misc/constructing/warped_toilet": {
    "criteria": {
      "has_minecraft:quartz_block": "2025-06-08 20:33:21 -0500"
    },
    "done": true
  },
  "minecraft:recipes/building_blocks/deepslate_tile_stairs_from_deepslate_tiles_stonecutting": {
    "criteria": {
      "has_deepslate_tiles": "2025-06-08 20:44:35 -0500"
    },
    "done": true
  },
  "minecraft:recipes/decorations/deepslate_tile_wall_from_deepslate_tiles_stonecutting": {
    "criteria": {
      "has_deepslate_tiles": "2025-06-08 20:44:35 -0500"
    },
    "done": true
  },
  "minecraft:recipes/decorations/deepslate_tile_wall": {
    "criteria": {
      "has_deepslate_tiles": "2025-06-08 20:44:35 -0500"
    },
    "done": true
  },
  "minecraft:recipes/building_blocks/cracked_deepslate_tiles": {
    "criteria": {
      "has_deepslate_tiles": "2025-06-08 20:44:35 -0500"
    },
    "done": true
  },
  "minecraft:recipes/building_blocks/deepslate_tile_slab_from_deepslate_tiles_stonecutting": {
    "criteria": {
      "has_deepslate_tiles": "2025-06-08 20:44:35 -0500"
    },
    "done": true
  },
  "minecraft:recipes/building_blocks/deepslate_tile_stairs": {
    "criteria": {
      "has_deepslate_tiles": "2025-06-08 20:44:35 -0500"
    },
    "done": true
  },
  "minecraft:recipes/building_blocks/deepslate_tile_slab": {
    "criteria": {
      "has_deepslate_tiles": "2025-06-08 20:44:35 -0500"
    },
    "done": true
  },
  "minecraft:recipes/decorations/polished_deepslate_wall": {
    "criteria": {
      "has_polished_deepslate": "2025-06-08 20:44:39 -0500"
    },
    "done": true
  },
  "minecraft:recipes/building_blocks/deepslate_bricks": {
    "criteria": {
      "has_polished_deepslate": "2025-06-08 20:44:39 -0500"
    },
    "done": true
  },
  "minecraft:recipes/building_blocks/polished_deepslate_slab": {
    "criteria": {
      "has_polished_deepslate": "2025-06-08 20:44:39 -0500"
    },
    "done": true
  },
  "minecraft:recipes/building_blocks/deepslate_tile_stairs_from_polished_deepslate_stonecutting": {
    "criteria": {
      "has_polished_deepslate": "2025-06-08 20:44:39 -0500"
    },
    "done": true
  },
  "minecraft:recipes/building_blocks/polished_deepslate_stairs_from_polished_deepslate_stonecutting": {
    "criteria": {
      "has_polished_deepslate": "2025-06-08 20:44:39 -0500"
    },
    "done": true
  },
  "minecraft:recipes/building_blocks/deepslate_bricks_from_polished_deepslate_stonecutting": {
    "criteria": {
      "has_polished_deepslate": "2025-06-08 20:44:39 -0500"
    },
    "done": true
  },
  "minecraft:recipes/decorations/deepslate_tile_wall_from_polished_deepslate_stonecutting": {
    "criteria": {
      "has_polished_deepslate": "2025-06-08 20:44:39 -0500"
    },
    "done": true
  },
  "minecraft:recipes/building_blocks/deepslate_brick_slab_from_polished_deepslate_stonecutting": {
    "criteria": {
      "has_polished_deepslate": "2025-06-08 20:44:39 -0500"
    },
    "done": true
  },
  "minecraft:recipes/decorations/polished_deepslate_wall_from_polished_deepslate_stonecutting": {
    "criteria": {
      "has_polished_deepslate": "2025-06-08 20:44:39 -0500"
    },
    "done": true
  },
  "minecraft:recipes/building_blocks/polished_deepslate_slab_from_polished_deepslate_stonecutting": {
    "criteria": {
      "has_polished_deepslate": "2025-06-08 20:44:39 -0500"
    },
    "done": true
  },
  "minecraft:recipes/building_blocks/deepslate_tiles_from_polished_deepslate_stonecutting": {
    "criteria": {
      "has_polished_deepslate": "2025-06-08 20:44:39 -0500"
    },
    "done": true
  },
  "minecraft:recipes/building_blocks/deepslate_tile_slab_from_polished_deepslate_stonecutting": {
    "criteria": {
      "has_polished_deepslate": "2025-06-08 20:44:39 -0500"
    },
    "done": true
  },
  "minecraft:recipes/decorations/deepslate_brick_wall_from_polished_deepslate_stonecutting": {
    "criteria": {
      "has_polished_deepslate": "2025-06-08 20:44:39 -0500"
    },
    "done": true
  },
  "minecraft:recipes/building_blocks/deepslate_brick_stairs_from_polished_deepslate_stonecutting": {
    "criteria": {
      "has_polished_deepslate": "2025-06-08 20:44:39 -0500"
    },
    "done": true
  },
  "minecraft:recipes/building_blocks/polished_deepslate_stairs": {
    "criteria": {
      "has_polished_deepslate": "2025-06-08 20:44:39 -0500"
    },
    "done": true
  },
  "minecraft:recipes/decorations/stone_brick_wall": {
    "criteria": {
      "has_stone_bricks": "2025-06-08 20:50:49 -0500"
    },
    "done": true
  },
  "minecraft:recipes/building_blocks/cracked_stone_bricks": {
    "criteria": {
      "has_stone_bricks": "2025-06-08 20:50:49 -0500"
    },
    "done": true
  },
  "minecraft:recipes/building_blocks/stone_brick_stairs_from_stone_bricks_stonecutting": {
    "criteria": {
      "has_stone_bricks": "2025-06-08 20:50:49 -0500"
    },
    "done": true
  },
  "minecraft:recipes/building_blocks/stone_brick_stairs": {
    "criteria": {
      "has_stone_bricks": "2025-06-08 20:50:49 -0500"
    },
    "done": true
  },
  "minecraft:recipes/building_blocks/chiseled_stone_bricks": {
    "criteria": {
      "has_tag": "2025-06-08 20:50:49 -0500"
    },
    "done": true
  },
  "minecraft:recipes/decorations/stone_brick_wall_from_stone_bricks_stonecutting": {
    "criteria": {
      "has_stone_bricks": "2025-06-08 20:50:49 -0500"
    },
    "done": true
  },
  "minecraft:recipes/building_blocks/stone_brick_slab_from_stone_bricks_stonecutting": {
    "criteria": {
      "has_stone_bricks": "2025-06-08 20:50:49 -0500"
    },
    "done": true
  },
  "minecraft:recipes/building_blocks/stone_brick_slab": {
    "criteria": {
      "has_stone_bricks": "2025-06-08 20:50:49 -0500"
    },
    "done": true
  },
  "minecraft:recipes/building_blocks/chiseled_stone_bricks_from_stone_bricks_stonecutting": {
    "criteria": {
      "has_stone_bricks": "2025-06-08 20:50:49 -0500"
    },
    "done": true
  },
  "refurbished_furniture:recipes/misc/constructing/warped_storage_jar": {
    "criteria": {
      "has_minecraft:glass": "2025-06-08 21:11:37 -0500"
    },
    "done": true
  },
  "refurbished_furniture:recipes/misc/constructing/acacia_storage_jar": {
    "criteria": {
      "has_minecraft:glass": "2025-06-08 21:11:37 -0500"
    },
    "done": true
  },
  "refurbished_furniture:recipes/misc/constructing/computer": {
    "criteria": {
      "has_minecraft:glass": "2025-06-08 21:11:37 -0500"
    },
    "done": true
  },
  "refurbished_furniture:recipes/misc/constructing/cherry_storage_jar": {
    "criteria": {
      "has_minecraft:glass": "2025-06-08 21:11:37 -0500"
    },
    "done": true
  },
  "refurbished_furniture:recipes/misc/constructing/jungle_storage_jar": {
    "criteria": {
      "has_minecraft:glass": "2025-06-08 21:11:37 -0500"
    },
    "done": true
  },
  "refurbished_furniture:recipes/misc/constructing/light_microwave": {
    "criteria": {
      "has_minecraft:glass": "2025-06-08 21:11:37 -0500"
    },
    "done": true
  },
  "refurbished_furniture:recipes/misc/constructing/spruce_storage_jar": {
    "criteria": {
      "has_minecraft:glass": "2025-06-08 21:11:37 -0500"
    },
    "done": true
  },
  "refurbished_furniture:recipes/misc/constructing/light_stove": {
    "criteria": {
      "has_minecraft:glass": "2025-06-08 21:11:37 -0500"
    },
    "done": true
  },
  "refurbished_furniture:recipes/misc/constructing/mangrove_storage_jar": {
    "criteria": {
      "has_minecraft:glass": "2025-06-08 21:11:37 -0500"
    },
    "done": true
  },
  "refurbished_furniture:recipes/misc/constructing/dark_oak_storage_jar": {
    "criteria": {
      "has_minecraft:glass": "2025-06-08 21:11:37 -0500"
    },
    "done": true
  },
  "refurbished_furniture:recipes/misc/constructing/television": {
    "criteria": {
      "has_minecraft:glass": "2025-06-08 21:11:37 -0500"
    },
    "done": true
  },
  "refurbished_furniture:recipes/misc/constructing/birch_storage_jar": {
    "criteria": {
      "has_minecraft:glass": "2025-06-08 21:11:37 -0500"
    },
    "done": true
  },
  "refurbished_furniture:recipes/misc/constructing/crimson_storage_jar": {
    "criteria": {
      "has_minecraft:glass": "2025-06-08 21:11:37 -0500"
    },
    "done": true
  },
  "refurbished_furniture:recipes/misc/constructing/oak_storage_jar": {
    "criteria": {
      "has_minecraft:glass": "2025-06-08 21:11:37 -0500"
    },
    "done": true
  },
  "computercraft:recipes/redstone/pocket_advanced/computercraft/wireless_modem_normal": {
    "criteria": {
      "has_items": "2025-06-11 19:28:50 -0500"
    },
    "done": true
  },
  "refurbished_furniture:recipes/misc/workbench": {
    "criteria": {
      "has_slabs": "2025-06-17 21:43:59 -0500"
    },
    "done": true
  },
  "computercraft:recipes/redstone/printed_pages": {
    "criteria": {
      "has_printer": "2025-06-20 21:20:57 -0500"
    },
    "done": true
  },
  "computercraft:recipes/redstone/printed_book": {
    "criteria": {
      "has_printer": "2025-06-20 21:20:57 -0500"
    },
    "done": true
  },
  "refurbished_furniture:recipes/misc/light_electricity_generator": {
    "criteria": {
      "has_redstone": "2025-06-21 18:44:04 -0500"
    },
    "done": true
  },
  "refurbished_furniture:recipes/misc/constructing/light_fridge": {
    "criteria": {
      "has_minecraft:redstone": "2025-06-21 18:44:04 -0500"
    },
    "done": true
  },
  "refurbished_furniture:recipes/misc/constructing/yellow_lamp": {
    "criteria": {
      "has_minecraft:redstone": "2025-06-21 18:44:04 -0500"
    },
    "done": true
  },
  "refurbished_furniture:recipes/misc/constructing/lime_lamp": {
    "criteria": {
      "has_minecraft:redstone": "2025-06-21 18:44:04 -0500"
    },
    "done": true
  },
  "refurbished_furniture:recipes/misc/constructing/red_lamp": {
    "criteria": {
      "has_minecraft:redstone": "2025-06-21 18:44:04 -0500"
    },
    "done": true
  },
  "refurbished_furniture:recipes/misc/dark_electricity_generator": {
    "criteria": {
      "has_redstone": "2025-06-21 18:44:04 -0500"
    },
    "done": true
  },
  "refurbished_furniture:recipes/misc/constructing/orange_lamp": {
    "criteria": {
      "has_minecraft:redstone": "2025-06-21 18:44:04 -0500"
    },
    "done": true
  },
  "refurbished_furniture:recipes/misc/television_remote": {
    "criteria": {
      "has_redstone": "2025-06-21 18:44:04 -0500"
    },
    "done": true
  },
  "minecraft:recipes/redstone/redstone_torch": {
    "criteria": {
      "has_redstone": "2025-06-21 18:44:04 -0500"
    },
    "done": true
  },
  "minecraft:recipes/tools/clock": {
    "criteria": {
      "has_redstone": "2025-06-21 18:44:04 -0500"
    },
    "done": true
  },
  "refurbished_furniture:recipes/misc/constructing/light_toaster": {
    "criteria": {
      "has_minecraft:redstone": "2025-06-21 18:44:04 -0500"
    },
    "done": true
  },
  "refurbished_furniture:recipes/misc/constructing/white_lamp": {
    "criteria": {
      "has_minecraft:redstone": "2025-06-21 18:44:04 -0500"
    },
    "done": true
  },
  "refurbished_furniture:recipes/misc/constructing/brown_lamp": {
    "criteria": {
      "has_minecraft:redstone": "2025-06-21 18:44:04 -0500"
    },
    "done": true
  },
  "refurbished_furniture:recipes/misc/constructing/oak_light_ceiling_fan": {
    "criteria": {
      "has_minecraft:redstone": "2025-06-21 18:44:04 -0500"
    },
    "done": true
  },
  "refurbished_furniture:recipes/misc/constructing/crimson_light_ceiling_fan": {
    "criteria": {
      "has_minecraft:redstone": "2025-06-21 18:44:04 -0500"
    },
    "done": true
  },
  "refurbished_furniture:recipes/misc/constructing/acacia_light_ceiling_fan": {
    "criteria": {
      "has_minecraft:redstone": "2025-06-21 18:44:04 -0500"
    },
    "done": true
  },
  "minecraft:recipes/redstone/note_block": {
    "criteria": {
      "has_redstone": "2025-06-21 18:44:04 -0500"
    },
    "done": true
  },
  "minecraft:recipes/redstone/target": {
    "criteria": {
      "has_redstone": "2025-06-21 18:44:04 -0500"
    },
    "done": true
  },
  "refurbished_furniture:recipes/misc/constructing/spruce_light_ceiling_fan": {
    "criteria": {
      "has_minecraft:redstone": "2025-06-21 18:44:04 -0500"
    },
    "done": true
  },
  "refurbished_furniture:recipes/misc/constructing/light_blue_lamp": {
    "criteria": {
      "has_minecraft:redstone": "2025-06-21 18:44:04 -0500"
    },
    "done": true
  },
  "refurbished_furniture:recipes/misc/constructing/doorbell": {
    "criteria": {
      "has_minecraft:redstone": "2025-06-21 18:44:04 -0500"
    },
    "done": true
  },
  "refurbished_furniture:recipes/misc/constructing/light_lightswitch": {
    "criteria": {
      "has_minecraft:redstone": "2025-06-21 18:44:04 -0500"
    },
    "done": true
  },
  "minecraft:recipes/tools/compass": {
    "criteria": {
      "has_redstone": "2025-06-21 18:44:04 -0500"
    },
    "done": true
  },
  "refurbished_furniture:recipes/misc/constructing/warped_light_ceiling_fan": {
    "criteria": {
      "has_minecraft:redstone": "2025-06-21 18:44:04 -0500"
    },
    "done": true
  },
  "refurbished_furniture:recipes/misc/constructing/blue_lamp": {
    "criteria": {
      "has_minecraft:redstone": "2025-06-21 18:44:04 -0500"
    },
    "done": true
  },
  "refurbished_furniture:recipes/misc/constructing/magenta_lamp": {
    "criteria": {
      "has_minecraft:redstone": "2025-06-21 18:44:04 -0500"
    },
    "done": true
  },
  "refurbished_furniture:recipes/misc/constructing/gray_lamp": {
    "criteria": {
      "has_minecraft:redstone": "2025-06-21 18:44:04 -0500"
    },
    "done": true
  },
  "computercraft:recipes/redstone/computer_normal": {
    "criteria": {
      "has_redstone": "2025-06-21 18:44:04 -0500"
    },
    "done": true
  },
  "refurbished_furniture:recipes/misc/constructing/jungle_light_ceiling_fan": {
    "criteria": {
      "has_minecraft:redstone": "2025-06-21 18:44:04 -0500"
    },
    "done": true
  },
  "minecraft:recipes/redstone/dropper": {
    "criteria": {
      "has_redstone": "2025-06-21 18:44:04 -0500"
    },
    "done": true
  },
  "refurbished_furniture:recipes/misc/constructing/black_lamp": {
    "criteria": {
      "has_minecraft:redstone": "2025-06-21 18:44:04 -0500"
    },
    "done": true
  },
  "refurbished_furniture:recipes/misc/constructing/light_range_hood": {
    "criteria": {
      "has_minecraft:redstone": "2025-06-21 18:44:04 -0500"
    },
    "done": true
  },
  "refurbished_furniture:recipes/misc/constructing/mangrove_light_ceiling_fan": {
    "criteria": {
      "has_minecraft:redstone": "2025-06-21 18:44:04 -0500"
    },
    "done": true
  },
  "refurbished_furniture:recipes/misc/constructing/pink_lamp": {
    "criteria": {
      "has_minecraft:redstone": "2025-06-21 18:44:04 -0500"
    },
    "done": true
  },
  "refurbished_furniture:recipes/misc/constructing/green_lamp": {
    "criteria": {
      "has_minecraft:redstone": "2025-06-21 18:44:04 -0500"
    },
    "done": true
  },
  "minecraft:recipes/redstone/redstone_block": {
    "criteria": {
      "has_redstone": "2025-06-21 18:44:04 -0500"
    },
    "done": true
  },
  "refurbished_furniture:recipes/misc/constructing/dark_oak_light_ceiling_fan": {
    "criteria": {
      "has_minecraft:redstone": "2025-06-21 18:44:04 -0500"
    },
    "done": true
  },
  "refurbished_furniture:recipes/misc/constructing/cherry_light_ceiling_fan": {
    "criteria": {
      "has_minecraft:redstone": "2025-06-21 18:44:04 -0500"
    },
    "done": true
  },
  "refurbished_furniture:recipes/misc/constructing/birch_light_ceiling_fan": {
    "criteria": {
      "has_minecraft:redstone": "2025-06-21 18:44:04 -0500"
    },
    "done": true
  },
  "refurbished_furniture:recipes/misc/constructing/recycle_bin": {
    "criteria": {
      "has_minecraft:redstone": "2025-06-21 18:44:04 -0500"
    },
    "done": true
  },
  "refurbished_furniture:recipes/misc/constructing/cyan_lamp": {
    "criteria": {
      "has_minecraft:redstone": "2025-06-21 18:44:04 -0500"
    },
    "done": true
  },
  "refurbished_furniture:recipes/misc/constructing/light_gray_lamp": {
    "criteria": {
      "has_minecraft:redstone": "2025-06-21 18:44:04 -0500"
    },
    "done": true
  },
  "refurbished_furniture:recipes/misc/constructing/purple_lamp": {
    "criteria": {
      "has_minecraft:redstone": "2025-06-21 18:44:04 -0500"
    },
    "done": true
  },
  "refurbished_furniture:recipes/misc/constructing/light_ceiling_light": {
    "criteria": {
      "has_minecraft:redstone": "2025-06-21 18:44:04 -0500"
    },
    "done": true
  },
  "minecraft:recipes/redstone/piston": {
    "criteria": {
      "has_redstone": "2025-06-21 18:44:04 -0500"
    },
    "done": true
  },
  "minecraft:recipes/redstone/repeater": {
    "criteria": {
      "has_redstone_torch": "2025-06-21 18:44:29 -0500"
    },
    "done": true
  },
  "minecraft:recipes/building_blocks/stone_bricks": {
    "criteria": {
      "has_stone": "2025-06-21 18:59:22 -0500"
    },
    "done": true
  },
  "minecraft:recipes/building_blocks/stone_bricks_from_stone_stonecutting": {
    "criteria": {
      "has_stone": "2025-06-21 18:59:22 -0500"
    },
    "done": true
  },
  "minecraft:recipes/building_blocks/stone_slab": {
    "criteria": {
      "has_stone": "2025-06-21 18:59:22 -0500"
    },
    "done": true
  },
  "minecraft:recipes/building_blocks/stone_stairs_from_stone_stonecutting": {
    "criteria": {
      "has_stone": "2025-06-21 18:59:22 -0500"
    },
    "done": true
  },
  "minecraft:recipes/redstone/stone_button": {
    "criteria": {
      "has_stone": "2025-06-21 18:59:22 -0500"
    },
    "done": true
  },
  "minecraft:recipes/decorations/stonecutter": {
    "criteria": {
      "has_stone": "2025-06-21 18:59:22 -0500"
    },
    "done": true
  },
  "minecraft:recipes/redstone/stone_pressure_plate": {
    "criteria": {
      "has_stone": "2025-06-21 18:59:22 -0500"
    },
    "done": true
  },
  "minecraft:recipes/building_blocks/smooth_stone": {
    "criteria": {
      "has_stone": "2025-06-21 18:59:22 -0500"
    },
    "done": true
  },
  "minecraft:recipes/decorations/stone_brick_walls_from_stone_stonecutting": {
    "criteria": {
      "has_stone": "2025-06-21 18:59:22 -0500"
    },
    "done": true
  },
  "minecraft:recipes/building_blocks/stone_brick_slab_from_stone_stonecutting": {
    "criteria": {
      "has_stone": "2025-06-21 18:59:22 -0500"
    },
    "done": true
  },
  "minecraft:recipes/building_blocks/stone_brick_stairs_from_stone_stonecutting": {
    "criteria": {
      "has_stone": "2025-06-21 18:59:22 -0500"
    },
    "done": true
  },
  "minecraft:recipes/building_blocks/stone_slab_from_stone_stonecutting": {
    "criteria": {
      "has_stone": "2025-06-21 18:59:22 -0500"
    },
    "done": true
  },
  "refurbished_furniture:recipes/misc/constructing/stone_stepping_stones": {
    "criteria": {
      "has_minecraft:stone": "2025-06-21 18:59:22 -0500"
    },
    "done": true
  },
  "minecraft:recipes/building_blocks/chiseled_stone_bricks_stone_from_stonecutting": {
    "criteria": {
      "has_stone": "2025-06-21 18:59:22 -0500"
    },
    "done": true
  },
  "minecraft:recipes/building_blocks/stone_stairs": {
    "criteria": {
      "has_stone": "2025-06-21 18:59:22 -0500"
    },
    "done": true
  },
  "minecraft:recipes/decorations/mossy_stone_brick_wall": {
    "criteria": {
      "has_mossy_stone_bricks": "2025-06-22 16:19:32 -0500"
    },
    "done": true
  },
  "minecraft:recipes/building_blocks/mossy_stone_brick_slab": {
    "criteria": {
      "has_mossy_stone_bricks": "2025-06-22 16:19:32 -0500"
    },
    "done": true
  },
  "minecraft:recipes/building_blocks/mossy_stone_brick_stairs": {
    "criteria": {
      "has_mossy_stone_bricks": "2025-06-22 16:19:32 -0500"
    },
    "done": true
  },
  "minecraft:recipes/building_blocks/mossy_stone_brick_stairs_from_mossy_stone_brick_stonecutting": {
    "criteria": {
      "has_mossy_stone_bricks": "2025-06-22 16:19:32 -0500"
    },
    "done": true
  },
  "minecraft:recipes/decorations/mossy_stone_brick_wall_from_mossy_stone_brick_stonecutting": {
    "criteria": {
      "has_mossy_stone_bricks": "2025-06-22 16:19:32 -0500"
    },
    "done": true
  },
  "minecraft:recipes/building_blocks/mossy_stone_brick_slab_from_mossy_stone_brick_stonecutting": {
    "criteria": {
      "has_mossy_stone_bricks": "2025-06-22 16:19:32 -0500"
    },
    "done": true
  },
  "minecraft:recipes/redstone/redstone": {
    "criteria": {
      "has_redstone_block": "2025-06-24 22:31:50 -0500"
    },
    "done": true
  },
  "computercraft:recipes/redstone/pocket_advanced/computercraft/wireless_modem_advanced": {
    "criteria": {
      "has_items": "2025-06-28 14:16:42 -0500"
    },
    "done": true
  },
  "computercraft:recipes/redstone/turtle_advanced/computercraft/wireless_modem_advanced": {
    "criteria": {
      "has_items": "2025-06-28 14:16:42 -0500"
    },
    "done": true
  },
  "minecraft:recipes/combat/diamond_leggings": {
    "criteria": {
      "has_diamond": "2025-06-28 23:29:44 -0500"
    },
    "done": true
  },
  "minecraft:recipes/combat/diamond_sword": {
    "criteria": {
      "has_diamond": "2025-06-28 23:29:44 -0500"
    },
    "done": true
  },
  "minecraft:recipes/decorations/jukebox": {
    "criteria": {
      "has_diamond": "2025-06-28 23:29:44 -0500"
    },
    "done": true
  },
  "minecraft:recipes/combat/diamond_chestplate": {
    "criteria": {
      "has_diamond": "2025-06-28 23:29:44 -0500"
    },
    "done": true
  },
  "minecraft:recipes/tools/diamond_pickaxe": {
    "criteria": {
      "has_diamond": "2025-06-28 23:29:44 -0500"
    },
    "done": true
  },
  "minecraft:recipes/tools/diamond_hoe": {
    "criteria": {
      "has_diamond": "2025-06-28 23:29:44 -0500"
    },
    "done": true
  },
  "minecraft:recipes/tools/diamond_shovel": {
    "criteria": {
      "has_diamond": "2025-06-28 23:29:44 -0500"
    },
    "done": true
  },
  "minecraft:recipes/combat/diamond_boots": {
    "criteria": {
      "has_diamond": "2025-06-28 23:29:44 -0500"
    },
    "done": true
  },
  "minecraft:recipes/combat/diamond_helmet": {
    "criteria": {
      "has_diamond": "2025-06-28 23:29:44 -0500"
    },
    "done": true
  },
  "buildinggadgets2:recipes/misc/gadget_building": {
    "criteria": {
      "has_diamond": "2025-06-28 23:29:44 -0500"
    },
    "done": true
  },
  "minecraft:recipes/building_blocks/diamond_block": {
    "criteria": {
      "has_diamond": "2025-06-28 23:29:44 -0500"
    },
    "done": true
  },
  "minecraft:story/mine_diamond": {
    "criteria": {
      "diamond": "2025-06-28 23:29:44 -0500"
    },
    "done": true
  },
  "buildinggadgets2:recipes/misc/gadget_exchanging": {
    "criteria": {
      "has_diamond": "2025-06-28 23:29:44 -0500"
    },
    "done": true
  },
  "minecraft:recipes/tools/diamond_axe": {
    "criteria": {
      "has_diamond": "2025-06-28 23:29:44 -0500"
    },
    "done": true
  },
  "mcwlights:recipes/redstone_slab": {
    "criteria": {
      "has_wood": "2025-06-29 00:09:10 -0500"
    },
    "done": true
  },
  "mcwlights:recipes/lamps_ceilings": {
    "criteria": {
      "has_wood": "2025-06-29 00:09:10 -0500"
    },
    "done": true
  },
  "refurbished_furniture:recipes/misc/slicing/slime_ball_from_slime_block": {
    "criteria": {
      "has_slime_block": "2025-06-29 00:26:16 -0500"
    },
    "done": true
  },
  "minecraft:recipes/misc/slime_ball": {
    "criteria": {
      "has_slime_block": "2025-06-29 00:26:16 -0500"
    },
    "done": true
  },
  "minecraft:recipes/tools/flint_and_steel": {
    "criteria": {
      "has_obsidian": "2025-06-29 00:33:43 -0500"
    },
    "done": true
  },
  "minecraft:story/form_obsidian": {
    "criteria": {
      "obsidian": "2025-06-29 00:33:43 -0500"
    },
    "done": true
  },
  "minecraft:recipes/decorations/enchanting_table": {
    "criteria": {
      "has_obsidian": "2025-06-29 00:33:43 -0500"
    },
    "done": true
  },
  "minecraft:recipes/building_blocks/birch_planks": {
    "criteria": {
      "has_logs": "2025-06-29 23:20:13 -0500"
    },
    "done": true
  },
  "minecraft:recipes/misc/charcoal": {
    "criteria": {
      "has_log": "2025-06-29 23:20:13 -0500"
    },
    "done": true
  },
  "minecraft:recipes/building_blocks/smooth_quartz_slab_from_smooth_quartz_stonecutting": {
    "criteria": {
      "has_smooth_quartz": "2025-07-01 22:21:29 -0500"
    },
    "done": true
  },
  "minecraft:recipes/building_blocks/smooth_quartz_slab": {
    "criteria": {
      "has_smooth_quartz": "2025-07-01 22:21:29 -0500"
    },
    "done": true
  },
  "minecraft:recipes/building_blocks/smooth_quartz_stairs_from_smooth_quartz_stonecutting": {
    "criteria": {
      "has_smooth_quartz": "2025-07-01 22:21:29 -0500"
    },
    "done": true
  },
  "minecraft:recipes/building_blocks/smooth_quartz_stairs": {
    "criteria": {
      "has_smooth_quartz": "2025-07-01 22:21:29 -0500"
    },
    "done": true
  },
  "minecraft:recipes/decorations/white_stained_glass_pane": {
    "criteria": {
      "has_glass": "2025-07-01 22:31:51 -0500"
    },
    "done": true
  },
  "minecraft:recipes/decorations/green_glazed_terracotta": {
    "criteria": {
      "has_green_terracotta": "2025-07-02 18:50:35 -0500"
    },
    "done": true
  },
  "minecraft:recipes/building_blocks/jungle_planks": {
    "criteria": {
      "has_logs": "2025-07-13 16:25:06 -0500"
    },
    "done": true
  },
  "DataVersion": 3955
}