{
  "minecraft:recipes/decorations/crafting_table": {
    "criteria": {
      "unlock_right_away": "2025-05-28 23:23:48 +0000"
    },
    "done": true
  },
  "minecraft:adventure/adventuring_time": {
    "criteria": {
      "minecraft:plains": "2025-05-28 23:23:49 +0000"
    },
    "done": false
  },
  "computercraft:recipes/redstone/turtle_normal_overlays/rainbow_flag": {
    "criteria": {
      "has_turtle": "2025-05-28 23:24:58 +0000"
    },
    "done": true
  },
  "computercraft:recipes/redstone/turtle_normal_overlays/trans_flag": {
    "criteria": {
      "has_turtle": "2025-05-28 23:24:58 +0000"
    },
    "done": true
  },
  "computercraft:recipes/redstone/turtle_advanced_overlays/rainbow_flag": {
    "criteria": {
      "has_turtle": "2025-05-28 23:25:22 +0000"
    },
    "done": true
  },
  "computercraft:recipes/redstone/turtle_advanced_overlays/trans_flag": {
    "criteria": {
      "has_turtle": "2025-05-28 23:25:22 +0000"
    },
    "done": true
  },
  "computercraft:recipes/redstone/monitor_normal": {
    "criteria": {
      "has_computer": "2025-05-28 23:34:30 +0000"
    },
    "done": true
  },
  "computercraft:recipes/redstone/printer": {
    "criteria": {
      "has_computer": "2025-05-28 23:34:30 +0000"
    },
    "done": true
  },
  "computercraft:recipes/redstone/cable": {
    "criteria": {
      "has_computer": "2025-05-28 23:34:30 +0000"
    },
    "done": true
  },
  "computercraft:recipes/redstone/wireless_modem_advanced": {
    "criteria": {
      "has_computer": "2025-05-28 23:34:30 +0000"
    },
    "done": true
  },
  "computercraft:recipes/redstone/pocket_computer_normal": {
    "criteria": {
      "has_computer": "2025-05-28 23:34:30 +0000"
    },
    "done": true
  },
  "computercraft:recipes/redstone/monitor_advanced": {
    "criteria": {
      "has_computer": "2025-05-28 23:34:30 +0000"
    },
    "done": true
  },
  "computercraft:recipes/redstone/pocket_computer_advanced": {
    "criteria": {
      "has_computer": "2025-05-28 23:34:30 +0000"
    },
    "done": true
  },
  "computercraft:recipes/redstone/disk_drive": {
    "criteria": {
      "has_computer": "2025-05-28 23:34:30 +0000"
    },
    "done": true
  },
  "computercraft:recipes/redstone/speaker": {
    "criteria": {
      "has_computer": "2025-05-28 23:34:30 +0000"
    },
    "done": true
  },
  "computercraft:recipes/redstone/wired_modem": {
    "criteria": {
      "has_computer": "2025-05-28 23:34:30 +0000"
    },
    "done": true
  },
  "computercraft:recipes/redstone/wireless_modem_normal": {
    "criteria": {
      "has_computer": "2025-05-28 23:34:30 +0000"
    },
    "done": true
  },
  "computercraft:recipes/decorations/skull_dan200": {
    "criteria": {
      "has_computer": "2025-05-28 23:34:30 +0000"
    },
    "done": true
  },
  "minecraft:recipes/decorations/blue_bed": {
    "criteria": {
      "has_blue_wool": "2025-05-28 23:51:24 +0000"
    },
    "done": true
  },
  "minecraft:recipes/decorations/painting": {
    "criteria": {
      "has_wool": "2025-05-28 23:51:24 +0000"
    },
    "done": true
  },
  "minecraft:recipes/decorations/blue_carpet": {
    "criteria": {
      "has_blue_wool": "2025-05-28 23:51:24 +0000"
    },
    "done": true
  },
  "minecraft:recipes/decorations/blue_banner": {
    "criteria": {
      "has_blue_wool": "2025-05-28 23:51:24 +0000"
    },
    "done": true
  },
  "computercraft:recipes/redstone/turtle_normal/minecraft/diamond_sword": {
    "criteria": {
      "has_items": "2025-06-02 04:26:06 +0000"
    },
    "done": true
  },
  "computercraft:recipes/redstone/turtle_normal/minecraft/diamond_pickaxe": {
    "criteria": {
      "has_items": "2025-06-02 04:26:06 +0000"
    },
    "done": true
  },
  "computercraft:recipes/redstone/turtle_advanced/minecraft/diamond_pickaxe": {
    "criteria": {
      "has_items": "2025-06-02 04:26:06 +0000"
    },
    "done": true
  },
  "computercraft:recipes/redstone/turtle_advanced/minecraft/diamond_sword": {
    "criteria": {
      "has_items": "2025-06-02 04:26:06 +0000"
    },
    "done": true
  },
  "minecraft:recipes/building_blocks/spruce_planks": {
    "criteria": {
      "has_logs": "2025-06-02 04:27:09 +0000"
    },
    "done": true
  },
  "minecraft:recipes/misc/charcoal": {
    "criteria": {
      "has_log": "2025-06-02 04:27:09 +0000"
    },
    "done": true
  },
  "DataVersion": 3955
}