{"stats":{"minecraft:custom":{"minecraft:jump":6,"minecraft:time_since_rest":11916,"minecraft:crouch_one_cm":792,"minecraft:leave_game":5,"minecraft:play_time":11916,"minecraft:sprint_one_cm":6823,"minecraft:time_since_death":11916,"minecraft:walk_one_cm":7965,"minecraft:sneak_time":305,"minecraft:total_world_time":18921,"minecraft:fly_one_cm":44728},"minecraft:used":{"minecraft:barrier":4,"minecraft:lever":1,"minecraft:cyan_terracotta":1,"minecraft:writable_book":1,"minecraft:white_concrete":2,"minecraft:smooth_quartz":2,"minecraft:smooth_stone":4,"minecraft:written_book":2}},"DataVersion":3955}