{"stats":{"minecraft:used":{"mcwlights:wall_lantern":4,"minecraft:light_blue_stained_glass_pane":41,"mcwfurnitures:oak_desk":29,"computercraft:wired_modem":9,"mcwlights:light_gray_lamp":7,"refurbished_furniture:azalea_hedge":84,"simplylight:rodlamp_yellow":23,"minecraft:orange_concrete":26,"refurbished_furniture:dark_oak_cutting_board":2,"minecraft:smooth_quartz_slab":190,"minecraft:red_concrete":15,"minecraft:spruce_slab":21,"minecraft:redstone":85,"computercraft:monitor_advanced":464,"computercraft:turtle_advanced":68,"mcwlights:black_ceiling_light":9,"minecraft:oak_sign":35,"refurbished_furniture:cherry_hedge":1,"minecraft:black_carpet":2,"minecraft:spruce_planks":9,"minecraft:chest":44,"minecraft:stone":125,"minecraft:purple_shulker_box":1,"mcwlights:iron_chandelier":2,"minecraft:structure_block":158,"minecraft:debug_stick":10,"refurbished_furniture:dark_microwave":2,"minecraft:green_terracotta":40,"minecraft:sculk_sensor":1,"computercraft:wireless_modem_advanced":16,"mcwfurnitures:dark_oak_desk":9,"refurbished_furniture:black_kitchen_drawer":6,"minecraft:dirt":2,"minecraft:target":8,"minecraft:white_carpet":28,"minecraft:spruce_stairs":1,"minecraft:light_blue_stained_glass":439,"minecraft:obsidian":10,"minecraft:purple_banner":99,"simplylight:rodlamp_purple":24,"mcwlights:dark_oak_ceiling_fan_light":10,"refurbished_furniture:frying_pan":1,"simplylight:illuminant_panel":74,"mcwfurnitures:oak_kitchen_cabinet":7,"minecraft:glass":145,"refurbished_furniture:recycle_bin":11,"refurbished_furniture:black_kitchen_cabinetry":14,"mcwlights:iron_wall_candle_holder":10,"computercraft:printer":1,"minecraft:flowering_azalea":7,"minecraft:cyan_terracotta":726,"minecraft:quartz_pillar":131,"simplylight:rodlamp":21,"minecraft:iron_block":24,"minecraft:grass_block":21,"minecraft:slime_block":9,"minecraft:quartz_block":95,"mcwfurnitures:stripped_dark_oak_table":10,"minecraft:gray_concrete_powder":72,"minecraft:smooth_quartz":111,"minecraft:stone_bricks":749,"minecraft:item_frame":19,"minecraft:bedrock":104,"computercraft:computer_advanced":27,"minecraft:glowstone":40,"minecraft:purple_concrete":262,"minecraft:vault":3,"minecraft:repeater":11,"minecraft:redstone_lamp":17,"minecraft:tall_grass":11,"minecraft:emerald_block":1,"minecraft:iron_trapdoor":5,"computercraft:disk_drive":19,"refurbished_furniture:dark_oak_kitchen_sink":1,"minecraft:gold_block":9,"mcwdoors:metal_warning_door":10,"minecraft:observer":7,"minecraft:large_fern":11,"computercraft:wireless_modem_normal":14,"simplylight:wall_lamp":15,"minecraft:quartz_bricks":20,"refurbished_furniture:dark_range_hood":3,"minecraft:mossy_stone_bricks":1,"minecraft:end_rod":3,"simplylight:rodlamp_orange":6,"computercraft:computer_command":38,"refurbished_furniture:black_kitchen_storage_cabinet":4,"simplylight:edge_light":10,"minecraft:redstone_block":132,"minecraft:structure_void":2,"simplylight:edge_light_top":6,"refurbished_furniture:black_kitchen_sink":1,"minecraft:calibrated_sculk_sensor":4,"minecraft:cracked_stone_bricks":137,"minecraft:white_wool":12,"simplylight:illuminant_block_on":82,"minecraft:glow_item_frame":29,"minecraft:comparator":8,"minecraft:yellow_concrete":200,"buildinggadgets2:template_manager":3,"computercraft:computer_normal":9,"minecraft:light_gray_concrete_powder":6,"minecraft:chiseled_quartz_block":42,"minecraft:gray_concrete":304,"minecraft:painting":82,"refurbished_furniture:computer":2,"refurbished_furniture:cheese":1,"minecraft:redstone_torch":25,"minecraft:sticky_piston":24,"minecraft:piston":135,"refurbished_furniture:dark_electricity_generator":1,"mcwdoors:garage_black_door":6,"minecraft:lever":48,"minecraft:green_concrete":43,"minecraft:flower_pot":9,"minecraft:light":532,"computercraft:wired_modem_full":3,"minecraft:black_concrete":19,"minecraft:command_block":14,"minecraft:light_gray_concrete":197,"minecraft:heavy_weighted_pressure_plate":3,"minecraft:oak_button":31,"minecraft:barrier":1419,"minecraft:stone_button":8,"mcwfurnitures:dark_oak_modern_chair":17,"minecraft:magenta_concrete":1427,"minecraft:diamond_ore":47,"mcwfurnitures:oak_drawer":9,"minecraft:pink_petals":23,"minecraft:chiseled_stone_bricks":31,"computercraft:cable":20,"refurbished_furniture:dark_stove":1,"refurbished_furniture:dark_fridge":1,"minecraft:orange_banner":32,"minecraft:white_banner":3,"minecraft:chain_command_block":3,"minecraft:white_stained_glass":11,"minecraft:lapis_block":2,"minecraft:chain":37,"minecraft:smooth_stone_slab":648,"minecraft:repeating_command_block":82,"mcwlights:lava_lamp":1,"minecraft:white_concrete":1668,"minecraft:bone_meal":20,"minecraft:smooth_stone":1774},"minecraft:custom":{"minecraft:open_shulker_box":2,"minecraft:leave_game":62,"minecraft:time_since_death":3770366,"minecraft:walk_one_cm":1014164,"minecraft:sprint_one_cm":266795,"minecraft:drop":59,"minecraft:play_time":3770366,"minecraft:sneak_time":45851,"minecraft:jump":1484,"minecraft:total_world_time":3771525,"minecraft:pot_flower":7,"minecraft:time_since_rest":3770366,"minecraft:damage_dealt":123,"minecraft:fly_one_cm":7468259,"minecraft:open_chest":99,"minecraft:crouch_one_cm":43897},"minecraft:picked_up":{"minecraft:redstone_block":2,"minecraft:purple_shulker_box":1,"computercraft:disk":4,"minecraft:orange_concrete":2,"minecraft:item_frame":5,"minecraft:white_carpet":10,"minecraft:oak_sign":18,"computercraft:computer_advanced":5,"minecraft:redstone_torch":6,"minecraft:chest":2,"minecraft:piston":2,"computercraft:pocket_computer_advanced":1,"minecraft:stone":56,"minecraft:glow_item_frame":24,"minecraft:stone_button":4,"computercraft:computer_normal":3,"minecraft:redstone":2,"minecraft:cyan_terracotta":3,"computercraft:turtle_advanced":131,"minecraft:gray_concrete":1,"minecraft:dirt":1,"minecraft:paper":2,"minecraft:gray_concrete_powder":1,"minecraft:glass":64,"computercraft:wireless_modem_normal":2,"minecraft:cyan_concrete":2,"minecraft:purple_concrete":1,"computercraft:computer_command":9,"minecraft:chiseled_stone_bricks":1,"minecraft:dandelion":1,"computercraft:wireless_modem_advanced":1,"refurbished_furniture:knife":1,"buildinggadgets2:gadget_copy_paste":2,"minecraft:green_concrete":1,"minecraft:lever":65,"minecraft:painting":1,"minecraft:white_concrete":2,"minecraft:oak_button":4,"minecraft:coal":204},"minecraft:dropped":{"buildinggadgets2:gadget_copy_paste":2,"minecraft:crafting_table":1,"minecraft:glow_item_frame":19,"minecraft:cracked_stone_bricks":1,"minecraft:cyan_terracotta":1,"minecraft:gray_concrete":1,"minecraft:white_concrete":1,"minecraft:smooth_stone":1,"computercraft:pocket_computer_advanced":22,"minecraft:lever":64,"minecraft:green_terracotta":1,"minecraft:oak_sign":17,"computercraft:disk":1,"minecraft:chiseled_stone_bricks":1,"minecraft:stone":54,"minecraft:stone_bricks":1,"minecraft:glass":64,"computercraft:wireless_modem_advanced":1}},"DataVersion":3955}