{"stats":{"minecraft:dropped":{"minecraft:diamond_sword":2,"minecraft:spruce_door":2,"minecraft:stripped_spruce_wood":1,"minecraft:diamond_pickaxe":2},"minecraft:picked_up":{"computercraft:turtle_advanced":1,"minecraft:diamond_sword":2,"computercraft:computer_advanced":1,"minecraft:stripped_spruce_wood":1,"minecraft:diamond_pickaxe":2},"minecraft:used":{"minecraft:oak_door":2,"minecraft:soul_campfire":5,"minecraft:spruce_door":3,"minecraft:grass_block":28,"computercraft:turtle_advanced":7,"computercraft:monitor_advanced":3,"minecraft:blue_wool":74,"minecraft:stripped_spruce_wood":1040},"minecraft:custom":{"minecraft:time_since_rest":42736,"minecraft:crouch_one_cm":132,"minecraft:play_time":80941,"minecraft:deaths":1,"minecraft:damage_taken":320,"minecraft:walk_one_cm":65872,"minecraft:sneak_time":409,"minecraft:drop":7,"minecraft:jump":58,"minecraft:damage_dealt":28,"minecraft:leave_game":4,"minecraft:time_since_death":42664,"minecraft:total_world_time":80941,"minecraft:fly_one_cm":264924}},"DataVersion":3955}